id,customer_id,product_id,product_type,session_id,timestamp
1,1000636,2579386,food,session_1000636_419872,2017-11-24 16:08:25
2,1000084,4474837,shoes,session_1000084_419872,2017-11-24 16:58:59
3,1005649,4415159,book,session_1005649_419877,2017-11-24 21:24:41
4,1000349,2831190,furniture,session_1000349_419878,2017-11-24 22:56:04
5,1005712,2846720,sport_equipment,session_1005712_419879,2017-11-24 23:03:08
6,1005712,221387,toy,session_1005712_419879,2017-11-24 23:04:25
7,1003724,3012053,shoes,session_1003724_419879,2017-11-24 23:05:24
8,1000349,3523128,electronic,session_1000349_419879,2017-11-24 23:07:48
9,1002909,832994,toy,session_1002909_419879,2017-11-24 23:51:24
10,1001566,1464478,furniture,session_1001566_419879,2017-11-24 23:56:11
11,1001566,1113979,furniture,session_1001566_419880,2017-11-25 00:03:33
12,1005498,4028523,shoes,session_1005498_419881,2017-11-25 01:01:02
13,1001466,4275288,cosmetic,session_1001466_419881,2017-11-25 01:24:42
14,1005616,4895295,book,session_1005616_419881,2017-11-25 01:39:05
15,1005616,3855288,book,session_1005616_419881,2017-11-25 01:40:03
16,1005616,461740,book,session_1005616_419881,2017-11-25 01:40:30
17,1005616,455385,furniture,session_1005616_419881,2017-11-25 01:41:04
18,1005616,1152335,furniture,session_1005616_419881,2017-11-25 01:41:31
19,1000222,140359,cosmetic,session_1000222_419881,2017-11-25 01:53:34
20,10009,349984,accessory,session_10009_419882,2017-11-25 02:02:03
21,1002927,2256042,accessory,session_1002927_419882,2017-11-25 02:08:38
22,1001419,816139,food,session_1001419_419882,2017-11-25 02:44:17
23,1005074,2737657,electronic,session_1005074_419882,2017-11-25 02:56:55
24,1002927,4718062,furniture,session_1002927_419883,2017-11-25 03:19:25
25,1002927,2410985,furniture,session_1002927_419883,2017-11-25 03:23:14
26,1002927,4333868,food,session_1002927_419883,2017-11-25 03:26:29
27,1001466,2517919,accessory,session_1001466_419883,2017-11-25 03:39:04
28,1001466,5026955,accessory,session_1001466_419883,2017-11-25 03:41:05
29,1002526,2930862,cosmetic,session_1002526_419883,2017-11-25 03:46:23
30,1002526,870595,book,session_1002526_419883,2017-11-25 03:48:20
31,1001326,870086,furniture,session_1001326_419885,2017-11-25 05:52:55
32,1001326,2255678,furniture,session_1001326_419885,2017-11-25 05:59:27
33,1001326,4399600,furniture,session_1001326_419886,2017-11-25 06:01:23
34,1000228,2730342,sport_equipment,session_1000228_419886,2017-11-25 06:12:58
35,1003351,855191,cosmetic,session_1003351_419886,2017-11-25 06:59:46
36,1001145,1089711,sport_equipment,session_1001145_419887,2017-11-25 07:00:36
37,1002185,2192947,furniture,session_1002185_419887,2017-11-25 07:02:52
38,1002185,5134300,furniture,session_1002185_419887,2017-11-25 07:12:38
39,1001326,873997,sport_equipment,session_1001326_419887,2017-11-25 07:14:12
40,1001326,116741,furniture,session_1001326_419887,2017-11-25 07:34:00
41,1002185,282801,furniture,session_1002185_419888,2017-11-25 08:19:06
42,1000349,4350284,electronic,session_1000349_419888,2017-11-25 08:24:36
43,1002185,2604550,furniture,session_1002185_419888,2017-11-25 08:50:14
44,1002185,3152278,furniture,session_1002185_419888,2017-11-25 08:50:22
45,1002909,738249,toy,session_1002909_419889,2017-11-25 09:18:45
46,1004337,3692127,cosmetic,session_1004337_419890,2017-11-25 10:31:54
47,1000228,494417,clothes,session_1000228_419892,2017-11-25 12:10:08
48,1004096,1389713,clothes,session_1004096_419892,2017-11-25 12:24:09
49,1000636,632660,food,session_1000636_419892,2017-11-25 12:30:43
50,1004096,4350170,sport_equipment,session_1004096_419892,2017-11-25 12:44:13
51,1000228,1312452,furniture,session_1000228_419892,2017-11-25 12:56:23
52,1005832,4956419,furniture,session_1005832_419892,2017-11-25 12:58:25
53,1000084,2441285,toy,session_1000084_419893,2017-11-25 13:20:30
54,1000228,765808,furniture,session_1000228_419893,2017-11-25 13:28:02
55,1000228,2452738,electronic,session_1000228_419893,2017-11-25 13:31:53
56,1003716,4650889,electronic,session_1003716_419894,2017-11-25 14:11:35
57,1005498,3355149,toy,session_1005498_419894,2017-11-25 14:31:32
58,1000228,2624906,furniture,session_1000228_419894,2017-11-25 14:31:58
59,1003716,542973,electronic,session_1003716_419894,2017-11-25 14:41:40
60,1003716,300430,electronic,session_1003716_419894,2017-11-25 14:47:00
61,1003716,2385268,electronic,session_1003716_419894,2017-11-25 14:48:40
62,1003716,786458,electronic,session_1003716_419894,2017-11-25 14:50:43
63,1003716,2701204,electronic,session_1003716_419895,2017-11-25 15:02:28
64,1001915,2875418,sport_equipment,session_1001915_419895,2017-11-25 15:16:17
65,1000636,2633450,accessory,session_1000636_419896,2017-11-25 16:30:59
66,1002927,791770,furniture,session_1002927_419896,2017-11-25 16:48:56
67,1002927,500641,furniture,session_1002927_419896,2017-11-25 16:50:25
68,1005712,4888516,shoes,session_1005712_419899,2017-11-25 19:07:01
69,1005649,1582775,cosmetic,session_1005649_419899,2017-11-25 19:55:01
70,1005649,3979564,accessory,session_1005649_419900,2017-11-25 20:06:00
71,1005649,644264,sport_equipment,session_1005649_419900,2017-11-25 20:11:32
72,1005649,4830088,book,session_1005649_419900,2017-11-25 20:16:49
73,1005649,4771223,cosmetic,session_1005649_419900,2017-11-25 20:18:52
74,1005649,4830088,book,session_1005649_419900,2017-11-25 20:19:02
75,1005649,3702766,accessory,session_1005649_419900,2017-11-25 20:27:46
76,1002185,243523,furniture,session_1002185_419902,2017-11-25 22:12:43
77,1005616,3792683,accessory,session_1005616_419905,2017-11-26 01:16:05
78,1001629,559088,shoes,session_1001629_419905,2017-11-26 01:18:11
79,1004584,3057370,toy,session_1004584_419905,2017-11-26 01:28:09
80,1004584,656911,toy,session_1004584_419905,2017-11-26 01:29:02
81,1002909,206508,toy,session_1002909_419905,2017-11-26 01:39:45
82,1002909,738249,toy,session_1002909_419905,2017-11-26 01:40:00
83,1000723,2840297,furniture,session_1000723_419905,2017-11-26 01:53:15
84,1002185,2991276,furniture,session_1002185_419906,2017-11-26 02:01:08
85,1002909,1831836,cosmetic,session_1002909_419906,2017-11-26 02:32:23
86,1001326,4637317,clothes,session_1001326_419906,2017-11-26 02:36:31
87,10009,4496731,book,session_10009_419907,2017-11-26 03:04:46
88,1001326,3079068,toy,session_1001326_419907,2017-11-26 03:12:11
89,1005649,3343325,accessory,session_1005649_419907,2017-11-26 03:18:35
90,1005649,3030510,electronic,session_1005649_419907,2017-11-26 03:26:05
91,10009,1420923,book,session_10009_419907,2017-11-26 03:36:29
92,1002909,1217213,sport_equipment,session_1002909_419907,2017-11-26 03:52:55
93,1001326,2199692,book,session_1001326_419908,2017-11-26 04:24:20
94,1003249,420144,toy,session_1003249_419908,2017-11-26 04:54:40
95,10009,37314,shoes,session_10009_419908,2017-11-26 04:58:13
96,1003351,961958,food,session_1003351_419909,2017-11-26 05:12:49
97,10009,938062,furniture,session_10009_419909,2017-11-26 05:13:02
98,1002307,3540376,sport_equipment,session_1002307_419909,2017-11-26 05:13:54
99,1003351,1077547,food,session_1003351_419909,2017-11-26 05:14:46
100,1002307,3631897,cosmetic,session_1002307_419909,2017-11-26 05:37:20
101,1001326,3044471,clothes,session_1001326_419910,2017-11-26 06:11:07
102,1001326,2651113,clothes,session_1001326_419910,2017-11-26 06:11:46
103,1005832,4828082,cosmetic,session_1005832_419911,2017-11-26 07:06:09
104,1005832,3096889,clothes,session_1005832_419911,2017-11-26 07:07:36
105,1002909,3489801,toy,session_1002909_419911,2017-11-26 07:14:29
106,1003351,2364679,food,session_1003351_419911,2017-11-26 07:24:36
107,1001326,3367369,toy,session_1001326_419911,2017-11-26 07:30:38
108,1001326,693206,toy,session_1001326_419911,2017-11-26 07:33:09
109,10009,4966509,toy,session_10009_419911,2017-11-26 07:38:40
110,1002909,1217213,sport_equipment,session_1002909_419911,2017-11-26 07:46:11
111,10009,4057657,cosmetic,session_10009_419912,2017-11-26 08:44:26
112,1001915,203244,furniture,session_1001915_419914,2017-11-26 10:00:45
113,1001915,779670,toy,session_1001915_419914,2017-11-26 10:01:03
114,1003716,4727640,furniture,session_1003716_419916,2017-11-26 12:18:04
115,1005616,455385,furniture,session_1005616_419916,2017-11-26 12:28:01
116,1005616,4833855,electronic,session_1005616_419917,2017-11-26 13:05:39
117,1001419,4252236,furniture,session_1001419_419917,2017-11-26 13:10:39
118,1005616,2332631,furniture,session_1005616_419917,2017-11-26 13:15:42
119,1005616,2137370,furniture,session_1005616_419917,2017-11-26 13:17:35
120,1002909,3846692,cosmetic,session_1002909_419917,2017-11-26 13:27:52
121,1002307,4153860,toy,session_1002307_419917,2017-11-26 13:41:49
122,1005712,2204051,food,session_1005712_419917,2017-11-26 13:56:11
123,1005712,4091349,clothes,session_1005712_419917,2017-11-26 13:59:00
124,1000228,38891,sport_equipment,session_1000228_419918,2017-11-26 14:08:35
125,1002307,4863008,furniture,session_1002307_419918,2017-11-26 14:14:21
126,1002307,4863008,furniture,session_1002307_419918,2017-11-26 14:15:37
127,1002909,771558,accessory,session_1002909_419918,2017-11-26 14:20:40
128,1000228,2127636,sport_equipment,session_1000228_419918,2017-11-26 14:24:19
129,1002307,2993641,sport_equipment,session_1002307_419918,2017-11-26 14:32:18
130,1005166,4347375,electronic,session_1005166_419918,2017-11-26 14:33:38
131,1000228,4837185,sport_equipment,session_1000228_419918,2017-11-26 14:42:41
132,1002307,532443,toy,session_1002307_419918,2017-11-26 14:45:52
133,1004584,1955639,furniture,session_1004584_419919,2017-11-26 15:03:57
134,1004807,1188838,accessory,session_1004807_419919,2017-11-26 15:56:54
135,10009,3283696,cosmetic,session_10009_419920,2017-11-26 16:21:22
136,10009,4790721,book,session_10009_419921,2017-11-26 17:20:11
137,10009,4790721,book,session_10009_419921,2017-11-26 17:29:23
138,1001375,4163600,furniture,session_1001375_419922,2017-11-26 18:40:22
139,1001375,372144,shoes,session_1001375_419923,2017-11-26 19:03:17
140,1005712,1335684,food,session_1005712_419924,2017-11-26 20:20:43
141,1000084,1659199,food,session_1000084_419928,2017-11-27 00:03:44
142,1000084,987677,food,session_1000084_419928,2017-11-27 00:46:33
143,1000349,4350284,electronic,session_1000349_419929,2017-11-27 01:10:38
144,1003351,482929,furniture,session_1003351_419929,2017-11-27 01:32:32
145,1003351,725164,accessory,session_1003351_419929,2017-11-27 01:58:11
146,1002909,3018301,sport_equipment,session_1002909_419930,2017-11-27 02:03:10
147,1000792,4891581,clothes,session_1000792_419930,2017-11-27 02:42:54
148,1001566,646921,electronic,session_1001566_419930,2017-11-27 02:51:46
149,1001145,764670,furniture,session_1001145_419931,2017-11-27 03:04:58
150,1001915,2932138,shoes,session_1001915_419931,2017-11-27 03:45:30
151,1001915,2331370,clothes,session_1001915_419931,2017-11-27 03:49:53
152,1001915,2061909,clothes,session_1001915_419931,2017-11-27 03:52:07
153,1001915,4667522,sport_equipment,session_1001915_419931,2017-11-27 03:57:35
154,1000228,1986867,sport_equipment,session_1000228_419932,2017-11-27 04:58:00
155,1000228,3730396,sport_equipment,session_1000228_419933,2017-11-27 05:01:41
156,1002909,2629948,accessory,session_1002909_419933,2017-11-27 05:11:08
157,1002909,460466,electronic,session_1002909_419933,2017-11-27 05:24:24
158,1001466,929641,food,session_1001466_419934,2017-11-27 06:27:17
159,1001466,1973512,toy,session_1001466_419934,2017-11-27 06:28:21
160,1000084,1659199,food,session_1000084_419934,2017-11-27 06:30:46
161,1001326,1804513,clothes,session_1001326_419934,2017-11-27 06:34:13
162,1001326,4605369,clothes,session_1001326_419934,2017-11-27 06:37:52
163,1000084,987677,food,session_1000084_419934,2017-11-27 06:41:12
164,1001326,1870386,furniture,session_1001326_419934,2017-11-27 06:53:21
165,1002909,936197,sport_equipment,session_1002909_419934,2017-11-27 06:55:38
166,1005074,1188579,furniture,session_1005074_419935,2017-11-27 07:14:26
167,1005166,3649902,food,session_1005166_419936,2017-11-27 08:19:19
168,1002185,64810,sport_equipment,session_1002185_419937,2017-11-27 09:22:34
169,1005166,3528778,sport_equipment,session_1005166_419939,2017-11-27 11:10:35
170,1000636,3616789,shoes,session_1000636_419939,2017-11-27 11:30:24
171,1000636,287835,shoes,session_1000636_419939,2017-11-27 11:30:57
172,1004337,4390368,toy,session_1004337_419940,2017-11-27 12:33:14
173,1001566,4694270,clothes,session_1001566_419941,2017-11-27 13:26:09
174,1001566,818466,toy,session_1001566_419941,2017-11-27 13:35:29
175,1005498,4787032,toy,session_1005498_419941,2017-11-27 13:44:36
176,1001145,2981221,toy,session_1001145_419941,2017-11-27 13:59:34
177,1002909,206508,toy,session_1002909_419942,2017-11-27 14:03:12
178,1002909,206508,toy,session_1002909_419942,2017-11-27 14:06:35
179,1000335,4297249,furniture,session_1000335_419942,2017-11-27 14:08:13
180,1000335,253040,furniture,session_1000335_419942,2017-11-27 14:23:33
181,1001145,2825567,toy,session_1001145_419942,2017-11-27 14:27:19
182,1000228,1422728,shoes,session_1000228_419942,2017-11-27 14:52:48
183,1002307,177796,sport_equipment,session_1002307_419943,2017-11-27 15:06:33
184,10009,718985,toy,session_10009_419944,2017-11-27 16:07:47
185,1003901,530474,furniture,session_1003901_419944,2017-11-27 16:09:49
186,1000636,2256962,cosmetic,session_1000636_419944,2017-11-27 16:37:07
187,1000636,4309979,toy,session_1000636_419944,2017-11-27 16:40:30
188,1003901,451286,electronic,session_1003901_419950,2017-11-27 22:14:52
189,1003901,1483161,cosmetic,session_1003901_419950,2017-11-27 22:37:40
190,1000349,1963858,toy,session_1000349_419950,2017-11-27 22:47:00
191,1001629,81069,furniture,session_1001629_419953,2017-11-28 01:10:05
192,1005074,2870935,sport_equipment,session_1005074_419954,2017-11-28 02:04:57
193,1001915,3303693,furniture,session_1001915_419955,2017-11-28 03:44:22
194,1003716,4122831,sport_equipment,session_1003716_419955,2017-11-28 03:44:56
195,1001915,3890502,food,session_1001915_419955,2017-11-28 03:45:20
196,1000349,1357688,book,session_1000349_419955,2017-11-28 03:48:12
197,1004584,920480,book,session_1004584_419956,2017-11-28 04:06:05
198,1005649,4692148,cosmetic,session_1005649_419956,2017-11-28 04:26:38
199,1005649,5152824,book,session_1005649_419956,2017-11-28 04:31:16
200,1005649,4811639,book,session_1005649_419956,2017-11-28 04:32:29
201,1005649,4875298,book,session_1005649_419956,2017-11-28 04:35:47
202,1001566,1299608,electronic,session_1001566_419957,2017-11-28 05:38:02
203,1000349,2882640,cosmetic,session_1000349_419958,2017-11-28 06:27:54
204,1003351,662524,electronic,session_1003351_419959,2017-11-28 07:07:46
205,1003351,400851,electronic,session_1003351_419959,2017-11-28 07:21:23
206,10009,4486458,electronic,session_10009_419959,2017-11-28 07:34:59
207,1005616,1365115,sport_equipment,session_1005616_419959,2017-11-28 07:36:42
208,10009,5119588,shoes,session_10009_419959,2017-11-28 07:46:24
209,1001326,1941452,clothes,session_1001326_419959,2017-11-28 07:48:53
210,10009,3236416,clothes,session_10009_419959,2017-11-28 07:55:50
211,1005616,454408,sport_equipment,session_1005616_419959,2017-11-28 07:57:04
212,1005074,1200627,clothes,session_1005074_419960,2017-11-28 08:01:41
213,1005074,965798,book,session_1005074_419960,2017-11-28 08:03:11
214,1005616,2381943,sport_equipment,session_1005616_419960,2017-11-28 08:07:53
215,1001566,3391967,clothes,session_1001566_419960,2017-11-28 08:21:39
216,1001566,3355080,toy,session_1001566_419960,2017-11-28 08:42:10
217,1001915,2497205,sport_equipment,session_1001915_419960,2017-11-28 08:57:39
218,1001566,1697078,food,session_1001566_419961,2017-11-28 09:03:27
219,1005074,965798,book,session_1005074_419962,2017-11-28 10:27:06
220,1004337,3945615,cosmetic,session_1004337_419962,2017-11-28 10:43:57
221,1004584,845822,clothes,session_1004584_419963,2017-11-28 11:06:14
222,1004337,3032611,food,session_1004337_419963,2017-11-28 11:21:07
223,1003724,1112818,accessory,session_1003724_419963,2017-11-28 11:21:10
224,1005832,1815456,book,session_1005832_419964,2017-11-28 12:00:21
225,1003724,641976,clothes,session_1003724_419964,2017-11-28 12:44:36
226,1000084,2721889,book,session_1000084_419964,2017-11-28 12:54:53
227,1000084,3930186,book,session_1000084_419965,2017-11-28 13:17:12
228,1000228,329628,sport_equipment,session_1000228_419965,2017-11-28 13:26:12
229,1000228,329628,sport_equipment,session_1000228_419965,2017-11-28 13:43:29
230,1005498,1147995,food,session_1005498_419966,2017-11-28 14:03:01
231,1000228,1024736,furniture,session_1000228_419966,2017-11-28 14:04:37
232,1000228,144409,furniture,session_1000228_419966,2017-11-28 14:06:45
233,1002909,4831634,sport_equipment,session_1002909_419966,2017-11-28 14:08:07
234,1004096,3488953,clothes,session_1004096_419966,2017-11-28 14:24:07
235,1002307,3044282,book,session_1002307_419966,2017-11-28 14:35:13
236,1000228,2285833,book,session_1000228_419966,2017-11-28 14:37:15
237,1000228,1304452,book,session_1000228_419966,2017-11-28 14:41:40
238,1000228,1008152,book,session_1000228_419966,2017-11-28 14:41:47
239,1000228,2709813,sport_equipment,session_1000228_419966,2017-11-28 14:42:51
240,1002307,1892817,food,session_1002307_419966,2017-11-28 14:42:55
241,1004096,947168,sport_equipment,session_1004096_419966,2017-11-28 14:44:42
242,1002909,2671601,cosmetic,session_1002909_419966,2017-11-28 14:45:05
243,1002307,1007312,cosmetic,session_1002307_419966,2017-11-28 14:52:31
244,1000228,1986707,book,session_1000228_419966,2017-11-28 14:58:04
245,1000228,1814314,book,session_1000228_419967,2017-11-28 15:03:17
246,1004807,1714664,electronic,session_1004807_419967,2017-11-28 15:07:31
247,1002307,2643848,toy,session_1002307_419967,2017-11-28 15:08:48
248,1003351,3733357,electronic,session_1003351_419967,2017-11-28 15:10:00
249,1003351,4923510,furniture,session_1003351_419967,2017-11-28 15:16:48
250,1003351,3685265,accessory,session_1003351_419967,2017-11-28 15:40:58
251,1000228,4109821,cosmetic,session_1000228_419967,2017-11-28 15:49:19
252,1000228,4565112,shoes,session_1000228_419967,2017-11-28 15:53:12
253,1002618,409116,furniture,session_1002618_419968,2017-11-28 16:22:33
254,10009,2184170,electronic,session_10009_419969,2017-11-28 17:42:53
255,1003901,3670376,furniture,session_1003901_419974,2017-11-28 22:10:27
256,1003901,2777840,furniture,session_1003901_419974,2017-11-28 22:17:20
257,1005616,3148492,food,session_1005616_419974,2017-11-28 22:38:40
258,1000349,3011543,electronic,session_1000349_419975,2017-11-28 23:07:43
259,1000349,1545024,sport_equipment,session_1000349_419975,2017-11-28 23:08:46
260,1000349,1545024,sport_equipment,session_1000349_419975,2017-11-28 23:16:34
261,1004792,1893423,electronic,session_1004792_419975,2017-11-28 23:46:46
262,1000349,1545024,sport_equipment,session_1000349_419976,2017-11-29 00:28:33
263,1003656,1369597,accessory,session_1003656_419977,2017-11-29 01:36:51
264,10009,2622294,furniture,session_10009_419977,2017-11-29 01:43:45
265,1001145,3127410,toy,session_1001145_419977,2017-11-29 01:49:55
266,1001145,2793877,toy,session_1001145_419977,2017-11-29 01:57:25
267,1000228,2472136,book,session_1000228_419978,2017-11-29 02:06:31
268,1003716,3516903,furniture,session_1003716_419978,2017-11-29 02:30:41
269,1000636,2129777,shoes,session_1000636_419978,2017-11-29 02:56:19
270,1001915,2994257,sport_equipment,session_1001915_419978,2017-11-29 02:59:41
271,1001326,1372769,toy,session_1001326_419979,2017-11-29 03:16:13
272,1000349,1545024,sport_equipment,session_1000349_419979,2017-11-29 03:36:37
273,1000349,3011543,electronic,session_1000349_419979,2017-11-29 03:38:45
274,1000228,1008330,food,session_1000228_419979,2017-11-29 03:47:09
275,1003716,3982661,food,session_1003716_419979,2017-11-29 03:47:33
276,10009,37314,shoes,session_10009_419979,2017-11-29 03:54:56
277,1003716,3880607,food,session_1003716_419979,2017-11-29 03:58:20
278,1002185,2692681,clothes,session_1002185_419980,2017-11-29 04:07:15
279,1000222,1349892,sport_equipment,session_1000222_419980,2017-11-29 04:11:02
280,1000349,1757094,sport_equipment,session_1000349_419980,2017-11-29 04:42:41
281,1000349,2383163,toy,session_1000349_419980,2017-11-29 04:47:44
282,1000349,4809668,food,session_1000349_419980,2017-11-29 04:47:48
283,1003724,810022,cosmetic,session_1003724_419980,2017-11-29 04:49:39
284,1005284,3661621,cosmetic,session_1005284_419980,2017-11-29 04:50:41
285,1005284,716219,cosmetic,session_1005284_419980,2017-11-29 04:56:32
286,1001419,4092373,toy,session_1001419_419981,2017-11-29 05:15:59
287,1005284,1509041,book,session_1005284_419981,2017-11-29 05:36:15
288,1000723,575683,cosmetic,session_1000723_419981,2017-11-29 05:43:06
289,1002589,905943,clothes,session_1002589_419981,2017-11-29 05:43:40
290,1003351,602202,clothes,session_1003351_419981,2017-11-29 05:58:18
291,1000222,4429587,toy,session_1000222_419982,2017-11-29 06:08:41
292,1000723,164553,accessory,session_1000723_419982,2017-11-29 06:10:07
293,1005712,869209,shoes,session_1005712_419982,2017-11-29 06:15:16
294,10009,931229,food,session_10009_419983,2017-11-29 07:25:45
295,10009,1533647,accessory,session_10009_419983,2017-11-29 07:30:22
296,1005616,544000,clothes,session_1005616_419984,2017-11-29 08:13:54
297,1001915,3556340,clothes,session_1001915_419984,2017-11-29 08:55:11
298,1001915,2846310,food,session_1001915_419984,2017-11-29 08:56:59
299,1002185,4197294,book,session_1002185_419985,2017-11-29 09:40:26
300,1003351,4678243,clothes,session_1003351_419986,2017-11-29 10:12:00
301,1001566,2292668,toy,session_1001566_419986,2017-11-29 10:17:23
302,1001566,4510929,food,session_1001566_419986,2017-11-29 10:18:32
303,1002927,3008190,clothes,session_1002927_419986,2017-11-29 10:43:35
304,1002927,1348316,food,session_1002927_419986,2017-11-29 10:53:59
305,1002927,2557785,food,session_1002927_419987,2017-11-29 11:04:52
306,1002927,4221248,food,session_1002927_419987,2017-11-29 11:11:45
307,1005712,1014296,toy,session_1005712_419987,2017-11-29 11:13:28
308,1002927,2695795,book,session_1002927_419987,2017-11-29 11:19:14
309,1005712,4563074,accessory,session_1005712_419987,2017-11-29 11:26:09
310,1004096,4923282,cosmetic,session_1004096_419987,2017-11-29 11:33:41
311,1002185,1657754,furniture,session_1002185_419988,2017-11-29 12:32:23
312,1005498,2242453,furniture,session_1005498_419989,2017-11-29 13:21:07
313,1005498,2825454,furniture,session_1005498_419989,2017-11-29 13:22:18
314,1005498,592124,electronic,session_1005498_419990,2017-11-29 14:07:07
315,1005832,1954667,furniture,session_1005832_419990,2017-11-29 14:09:42
316,1004096,762383,sport_equipment,session_1004096_419990,2017-11-29 14:12:09
317,1005498,143281,sport_equipment,session_1005498_419990,2017-11-29 14:13:29
318,1005832,3810457,sport_equipment,session_1005832_419990,2017-11-29 14:21:21
319,1002927,2967615,sport_equipment,session_1002927_419990,2017-11-29 14:52:07
320,1003351,907841,electronic,session_1003351_419991,2017-11-29 15:18:47
321,1002307,195056,sport_equipment,session_1002307_419991,2017-11-29 15:26:39
322,1004807,2790543,accessory,session_1004807_419991,2017-11-29 15:26:40
323,10009,1420923,book,session_10009_419991,2017-11-29 15:36:10
324,10009,4653155,sport_equipment,session_10009_419991,2017-11-29 15:44:55
325,10009,3924907,furniture,session_10009_419992,2017-11-29 16:03:15
326,1000792,1802878,electronic,session_1000792_419992,2017-11-29 16:06:14
327,1003716,1240933,clothes,session_1003716_419992,2017-11-29 16:40:08
328,1003901,2592122,clothes,session_1003901_419998,2017-11-29 22:16:43
329,1003901,1959091,furniture,session_1003901_419998,2017-11-29 22:29:25
330,1004792,1443490,sport_equipment,session_1004792_419998,2017-11-29 22:41:18
331,1003724,4878108,clothes,session_1003724_420000,2017-11-30 00:34:44
332,1002185,4807503,book,session_1002185_420000,2017-11-30 00:39:10
333,1003249,4329365,sport_equipment,session_1003249_420001,2017-11-30 01:21:37
334,1000877,1783613,toy,session_1000877_420001,2017-11-30 01:36:31
335,1000877,2552942,shoes,session_1000877_420001,2017-11-30 01:46:05
336,1001466,2010880,book,session_1001466_420002,2017-11-30 02:10:19
337,1001466,3841346,electronic,session_1001466_420002,2017-11-30 02:39:19
338,1001145,1624837,clothes,session_1001145_420002,2017-11-30 02:50:25
339,1000349,4056188,shoes,session_1000349_420002,2017-11-30 02:52:54
340,1000084,1795031,electronic,session_1000084_420003,2017-11-30 03:01:26
341,1003351,768295,furniture,session_1003351_420003,2017-11-30 03:22:58
342,1003716,4416136,sport_equipment,session_1003716_420003,2017-11-30 03:23:29
343,1004584,3637528,food,session_1004584_420003,2017-11-30 03:34:50
344,1000636,1489724,shoes,session_1000636_420004,2017-11-30 04:20:06
345,1004096,479367,sport_equipment,session_1004096_420005,2017-11-30 05:04:52
346,1000349,1963858,toy,session_1000349_420005,2017-11-30 05:07:38
347,1003724,1931272,cosmetic,session_1003724_420005,2017-11-30 05:36:06
348,1003656,487547,book,session_1003656_420005,2017-11-30 05:43:09
349,10009,4945859,food,session_10009_420006,2017-11-30 06:10:12
350,1004337,2528039,toy,session_1004337_420006,2017-11-30 06:15:31
351,1000335,1839074,toy,session_1000335_420007,2017-11-30 07:39:39
352,1004792,4665048,furniture,session_1004792_420008,2017-11-30 08:40:03
353,1001326,2210978,electronic,session_1001326_420008,2017-11-30 08:47:29
354,1003351,296719,toy,session_1003351_420009,2017-11-30 09:27:37
355,1001419,3933544,electronic,session_1001419_420009,2017-11-30 09:47:20
356,1001419,1999063,electronic,session_1001419_420009,2017-11-30 09:52:51
357,1004337,2128740,food,session_1004337_420010,2017-11-30 10:04:06
358,1004337,2251060,toy,session_1004337_420012,2017-11-30 12:42:56
359,1000636,705046,furniture,session_1000636_420013,2017-11-30 13:13:28
360,1003351,2382901,book,session_1003351_420014,2017-11-30 14:00:21
361,1003351,2322529,accessory,session_1003351_420014,2017-11-30 14:08:44
362,1005712,3484049,furniture,session_1005712_420014,2017-11-30 14:12:16
363,10009,2842407,clothes,session_10009_420014,2017-11-30 14:18:00
364,1003901,2334611,shoes,session_1003901_420014,2017-11-30 14:20:26
365,1002307,4546465,clothes,session_1002307_420014,2017-11-30 14:38:12
366,1000723,2890224,clothes,session_1000723_420015,2017-11-30 15:26:28
367,10009,447009,food,session_10009_420015,2017-11-30 15:35:29
368,1000723,303794,shoes,session_1000723_420015,2017-11-30 15:50:25
369,1000723,444181,electronic,session_1000723_420015,2017-11-30 15:52:34
370,1000313,2740686,electronic,session_1000313_420016,2017-11-30 16:08:29
371,1000636,2675011,electronic,session_1000636_420016,2017-11-30 16:12:46
372,1000228,735415,food,session_1000228_420017,2017-11-30 17:11:22
373,1005712,1960493,toy,session_1005712_420017,2017-11-30 17:57:09
374,1005712,3149861,toy,session_1005712_420018,2017-11-30 18:04:01
375,1005712,1944257,electronic,session_1005712_420018,2017-11-30 18:17:37
376,1005712,4005583,electronic,session_1005712_420018,2017-11-30 18:34:29
377,1005712,1968023,accessory,session_1005712_420018,2017-11-30 18:42:26
378,1005712,1127932,sport_equipment,session_1005712_420018,2017-11-30 18:57:09
379,1005712,2927287,sport_equipment,session_1005712_420019,2017-11-30 19:03:38
380,1004792,49781,clothes,session_1004792_420023,2017-11-30 23:15:19
381,1004792,2810705,sport_equipment,session_1004792_420023,2017-11-30 23:22:39
382,1004792,4956559,shoes,session_1004792_420023,2017-11-30 23:24:33
383,1000228,2299965,clothes,session_1000228_420024,2017-12-01 00:48:59
384,1005616,1849180,furniture,session_1005616_420025,2017-12-01 01:20:06
385,1005616,2688087,furniture,session_1005616_420025,2017-12-01 01:21:45
386,1005616,139496,electronic,session_1005616_420025,2017-12-01 01:26:56
387,1001326,3300853,electronic,session_1001326_420025,2017-12-01 01:28:52
388,1005616,975226,accessory,session_1005616_420025,2017-12-01 01:33:21
389,1001326,931499,clothes,session_1001326_420025,2017-12-01 01:35:00
390,1001326,4129713,electronic,session_1001326_420025,2017-12-01 01:35:44
391,1002618,1134646,clothes,session_1002618_420025,2017-12-01 01:50:34
392,1001145,2740047,clothes,session_1001145_420026,2017-12-01 02:02:11
393,1001326,1551966,electronic,session_1001326_420026,2017-12-01 02:03:42
394,1001145,1106837,furniture,session_1001145_420026,2017-12-01 02:04:32
395,1002185,4146414,cosmetic,session_1002185_420026,2017-12-01 02:31:15
396,10009,260779,shoes,session_10009_420026,2017-12-01 02:43:34
397,1003716,4138728,furniture,session_1003716_420027,2017-12-01 03:00:36
398,1002618,2888477,clothes,session_1002618_420027,2017-12-01 03:03:46
399,1002618,4947400,clothes,session_1002618_420027,2017-12-01 03:04:06
400,1003724,563665,clothes,session_1003724_420027,2017-12-01 03:09:12
401,10009,4790721,book,session_10009_420027,2017-12-01 03:13:33
402,10009,4092237,furniture,session_10009_420027,2017-12-01 03:20:29
403,1000228,3345192,furniture,session_1000228_420027,2017-12-01 03:43:28
404,1001466,955365,accessory,session_1001466_420028,2017-12-01 04:08:52
405,1005074,3961311,furniture,session_1005074_420028,2017-12-01 04:11:20
406,1000636,2295206,electronic,session_1000636_420028,2017-12-01 04:46:49
407,1005166,3990990,food,session_1005166_420029,2017-12-01 05:21:35
408,1000228,3660992,furniture,session_1000228_420029,2017-12-01 05:27:17
409,1000228,5126434,electronic,session_1000228_420029,2017-12-01 05:36:20
410,1001466,1214228,food,session_1001466_420029,2017-12-01 05:37:31
411,1001566,687624,shoes,session_1001566_420029,2017-12-01 05:50:11
412,1001566,3365312,sport_equipment,session_1001566_420029,2017-12-01 05:58:37
413,1002185,177075,accessory,session_1002185_420030,2017-12-01 06:34:01
414,1001915,193842,shoes,session_1001915_420030,2017-12-01 06:37:02
415,1001915,2453685,sport_equipment,session_1001915_420030,2017-12-01 06:46:56
416,1001915,2748554,electronic,session_1001915_420030,2017-12-01 06:48:52
417,1002927,4668260,book,session_1002927_420031,2017-12-01 07:03:05
418,1005712,1505876,sport_equipment,session_1005712_420031,2017-12-01 07:22:27
419,1005712,995550,sport_equipment,session_1005712_420031,2017-12-01 07:24:22
420,1005294,1370770,cosmetic,session_1005294_420032,2017-12-01 08:25:49
421,1003351,2832809,toy,session_1003351_420032,2017-12-01 08:32:45
422,1002927,4102262,toy,session_1002927_420033,2017-12-01 09:33:09
423,1002185,2040621,furniture,session_1002185_420033,2017-12-01 09:34:19
424,1000228,2674960,shoes,session_1000228_420033,2017-12-01 09:41:43
425,10009,4790721,book,session_10009_420033,2017-12-01 09:55:59
426,1005712,377345,toy,session_1005712_420034,2017-12-01 10:59:41
427,1001566,3562796,toy,session_1001566_420035,2017-12-01 11:05:39
428,1001326,28356,book,session_1001326_420035,2017-12-01 11:12:17
429,1005498,767464,clothes,session_1005498_420035,2017-12-01 11:28:27
430,1001566,3457845,electronic,session_1001566_420035,2017-12-01 11:41:13
431,1004096,5122024,clothes,session_1004096_420036,2017-12-01 12:28:48
432,1000723,5021781,electronic,session_1000723_420036,2017-12-01 12:47:06
433,1000723,687309,cosmetic,session_1000723_420036,2017-12-01 12:56:22
434,1000723,4804351,clothes,session_1000723_420037,2017-12-01 13:02:08
435,1000723,414825,shoes,session_1000723_420037,2017-12-01 13:11:16
436,1003901,122092,furniture,session_1003901_420037,2017-12-01 13:11:54
437,1000723,3305461,shoes,session_1000723_420037,2017-12-01 13:28:13
438,1000723,1001675,shoes,session_1000723_420037,2017-12-01 13:28:28
439,1000723,2075893,sport_equipment,session_1000723_420037,2017-12-01 13:36:16
440,1002927,4075754,book,session_1002927_420037,2017-12-01 13:47:50
441,1002927,3052761,book,session_1002927_420037,2017-12-01 13:48:06
442,1002909,3285990,sport_equipment,session_1002909_420037,2017-12-01 13:48:54
443,1002909,3656335,sport_equipment,session_1002909_420037,2017-12-01 13:53:24
444,1002909,785193,sport_equipment,session_1002909_420037,2017-12-01 13:54:24
445,1002927,3158800,book,session_1002927_420038,2017-12-01 14:12:13
446,1000723,1699399,accessory,session_1000723_420038,2017-12-01 14:28:08
447,1000723,2718833,accessory,session_1000723_420039,2017-12-01 15:00:25
448,1002589,4280196,food,session_1002589_420039,2017-12-01 15:01:26
449,1002307,4277622,food,session_1002307_420039,2017-12-01 15:01:52
450,1002307,1958270,toy,session_1002307_420039,2017-12-01 15:15:35
451,1000723,4058123,cosmetic,session_1000723_420039,2017-12-01 15:18:34
452,1002909,3645147,book,session_1002909_420039,2017-12-01 15:30:58
453,1003716,5149910,furniture,session_1003716_420039,2017-12-01 15:35:34
454,1002909,1370564,sport_equipment,session_1002909_420039,2017-12-01 15:57:27
455,1002909,2505118,furniture,session_1002909_420040,2017-12-01 16:07:16
456,1002909,467423,shoes,session_1002909_420040,2017-12-01 16:07:20
457,1002909,2505118,furniture,session_1002909_420040,2017-12-01 16:23:11
458,1000313,4176986,clothes,session_1000313_420040,2017-12-01 16:25:23
459,1001466,4162768,furniture,session_1001466_420040,2017-12-01 16:29:40
460,1000084,4681225,food,session_1000084_420040,2017-12-01 16:58:31
461,1002185,2823620,furniture,session_1002185_420041,2017-12-01 17:26:19
462,1001566,2773575,electronic,session_1001566_420046,2017-12-01 22:21:22
463,1001145,1024622,electronic,session_1001145_420047,2017-12-01 23:41:18
464,1001145,1779897,electronic,session_1001145_420047,2017-12-01 23:47:34
465,1005498,1151537,toy,session_1005498_420048,2017-12-02 00:23:38
466,1000228,2335179,book,session_1000228_420048,2017-12-02 00:25:50
467,1000228,2874723,book,session_1000228_420048,2017-12-02 00:26:03
468,1000228,2963472,clothes,session_1000228_420048,2017-12-02 00:26:50
469,1000228,2013888,book,session_1000228_420048,2017-12-02 00:32:37
470,1000228,2013888,book,session_1000228_420048,2017-12-02 00:32:57
471,1005498,2164892,food,session_1005498_420048,2017-12-02 00:54:38
472,1005498,3915717,sport_equipment,session_1005498_420049,2017-12-02 01:03:23
473,1005498,2457004,sport_equipment,session_1005498_420049,2017-12-02 01:08:20
474,1004807,3297610,clothes,session_1004807_420051,2017-12-02 03:09:30
475,1005832,4643236,electronic,session_1005832_420051,2017-12-02 03:47:26
476,1001419,2550378,book,session_1001419_420051,2017-12-02 03:53:59
477,1004584,2795410,book,session_1004584_420052,2017-12-02 04:03:15
478,1000723,627476,cosmetic,session_1000723_420052,2017-12-02 04:07:12
479,1003249,420144,toy,session_1003249_420052,2017-12-02 04:20:34
480,1001419,4489561,book,session_1001419_420053,2017-12-02 05:35:40
481,1001419,1241301,book,session_1001419_420053,2017-12-02 05:37:43
482,1002185,2290512,toy,session_1002185_420053,2017-12-02 05:42:05
483,1002185,2405091,toy,session_1002185_420053,2017-12-02 05:42:37
484,1003901,939688,accessory,session_1003901_420055,2017-12-02 07:05:49
485,1003901,4450718,sport_equipment,session_1003901_420055,2017-12-02 07:08:41
486,1003901,1279406,furniture,session_1003901_420055,2017-12-02 07:08:53
487,1003901,1286844,sport_equipment,session_1003901_420055,2017-12-02 07:10:50
488,1003901,4436021,sport_equipment,session_1003901_420055,2017-12-02 07:13:22
489,1003901,506837,electronic,session_1003901_420055,2017-12-02 07:19:30
490,1000877,3612554,shoes,session_1000877_420055,2017-12-02 07:36:11
491,1000792,4203564,furniture,session_1000792_420055,2017-12-02 07:47:58
492,1000792,487347,sport_equipment,session_1000792_420055,2017-12-02 07:48:37
493,1000228,1632677,electronic,session_1000228_420055,2017-12-02 07:58:26
494,1000228,1701914,electronic,session_1000228_420055,2017-12-02 07:58:34
495,1001375,2279108,sport_equipment,session_1001375_420056,2017-12-02 08:17:01
496,1001375,2615507,toy,session_1001375_420056,2017-12-02 08:19:54
497,10009,3557403,furniture,session_10009_420056,2017-12-02 08:22:45
498,1005712,4845655,cosmetic,session_1005712_420056,2017-12-02 08:56:14
499,1002618,4107216,book,session_1002618_420057,2017-12-02 09:37:32
500,1002909,4166159,book,session_1002909_420058,2017-12-02 10:02:27
501,1005712,5141627,food,session_1005712_420059,2017-12-02 11:06:06
502,1004807,2407084,cosmetic,session_1004807_420059,2017-12-02 11:14:33
503,1003351,4243843,shoes,session_1003351_420059,2017-12-02 11:39:17
504,1003351,2696738,cosmetic,session_1003351_420059,2017-12-02 11:46:18
505,1003351,2119408,cosmetic,session_1003351_420059,2017-12-02 11:49:30
506,1003351,701097,cosmetic,session_1003351_420059,2017-12-02 11:50:53
507,1000228,1366286,furniture,session_1000228_420059,2017-12-02 11:58:42
508,1000228,997154,toy,session_1000228_420060,2017-12-02 12:13:31
509,1000228,2842032,toy,session_1000228_420060,2017-12-02 12:20:12
510,1000792,487347,sport_equipment,session_1000792_420060,2017-12-02 12:47:05
511,1001466,4409034,clothes,session_1001466_420061,2017-12-02 13:09:01
512,1005284,4694699,clothes,session_1005284_420061,2017-12-02 13:13:50
513,1001466,4347450,clothes,session_1001466_420061,2017-12-02 13:15:51
514,1000723,252579,accessory,session_1000723_420061,2017-12-02 13:28:50
515,1001466,1818928,food,session_1001466_420061,2017-12-02 13:29:09
516,1002307,528426,furniture,session_1002307_420061,2017-12-02 13:31:04
517,1000792,1169469,furniture,session_1000792_420061,2017-12-02 13:31:19
518,1005712,2041725,book,session_1005712_420061,2017-12-02 13:42:09
519,1005166,3363470,furniture,session_1005166_420061,2017-12-02 13:46:29
520,1000792,487347,sport_equipment,session_1000792_420061,2017-12-02 13:47:54
521,1001915,4620686,furniture,session_1001915_420061,2017-12-02 13:54:05
522,1002307,1616429,accessory,session_1002307_420062,2017-12-02 14:26:10
523,1001566,2874789,toy,session_1001566_420063,2017-12-02 15:36:11
524,1001566,2521933,toy,session_1001566_420063,2017-12-02 15:36:51
525,1001566,2704566,toy,session_1001566_420063,2017-12-02 15:43:58
526,1001566,1576207,electronic,session_1001566_420063,2017-12-02 15:48:15
527,1005649,2750969,book,session_1005649_420064,2017-12-02 16:21:43
528,1005649,621929,book,session_1005649_420064,2017-12-02 16:27:44
529,1000313,2137013,toy,session_1000313_420064,2017-12-02 16:55:12
530,1001419,2044528,shoes,session_1001419_420065,2017-12-02 17:57:51
531,1001466,2140034,furniture,session_1001466_420071,2017-12-02 23:55:54
532,1000349,4350284,electronic,session_1000349_420072,2017-12-03 00:22:09
533,1005294,755870,electronic,session_1005294_420072,2017-12-03 00:36:42
534,1001472,1855491,electronic,session_1001472_420072,2017-12-03 00:44:52
535,1002909,5073692,food,session_1002909_420073,2017-12-03 01:01:54
536,1002909,2219674,shoes,session_1002909_420073,2017-12-03 01:15:04
537,1000723,10034,clothes,session_1000723_420074,2017-12-03 02:50:13
538,1000723,1791424,clothes,session_1000723_420074,2017-12-03 02:50:24
539,1002307,954365,furniture,session_1002307_420074,2017-12-03 02:52:02
540,1000723,2360940,shoes,session_1000723_420075,2017-12-03 03:00:42
541,1005712,4705170,furniture,session_1005712_420075,2017-12-03 03:20:36
542,1005712,2982506,cosmetic,session_1005712_420075,2017-12-03 03:21:39
543,1003901,1347509,shoes,session_1003901_420075,2017-12-03 03:26:32
544,1000084,3239215,sport_equipment,session_1000084_420076,2017-12-03 04:14:46
545,1000084,4367881,accessory,session_1000084_420076,2017-12-03 04:54:43
546,1004792,2955803,book,session_1004792_420077,2017-12-03 05:07:16
547,1002909,4708420,book,session_1002909_420077,2017-12-03 05:16:52
548,1002909,3362139,book,session_1002909_420077,2017-12-03 05:25:02
549,1004337,4025544,cosmetic,session_1004337_420077,2017-12-03 05:54:12
550,1000636,5050528,furniture,session_1000636_420078,2017-12-03 06:00:30
551,1003656,1785183,book,session_1003656_420078,2017-12-03 06:03:23
552,1003249,2635102,clothes,session_1003249_420078,2017-12-03 06:38:38
553,1003716,2453991,sport_equipment,session_1003716_420079,2017-12-03 07:34:20
554,1000877,212989,sport_equipment,session_1000877_420079,2017-12-03 07:47:13
555,10009,4790721,book,session_10009_420079,2017-12-03 07:48:59
556,1002042,3980381,toy,session_1002042_420079,2017-12-03 07:55:45
557,1003716,4120712,sport_equipment,session_1003716_420080,2017-12-03 08:10:53
558,1000084,2861878,clothes,session_1000084_420080,2017-12-03 08:26:33
559,1002927,856297,toy,session_1002927_420080,2017-12-03 08:32:52
560,1000723,4365582,book,session_1000723_420081,2017-12-03 09:07:38
561,1003716,180342,sport_equipment,session_1003716_420081,2017-12-03 09:27:07
562,1003351,2995656,clothes,session_1003351_420081,2017-12-03 09:48:52
563,1000636,2087115,shoes,session_1000636_420081,2017-12-03 09:58:12
564,1002042,5008017,toy,session_1002042_420082,2017-12-03 10:04:36
565,1005712,3421467,shoes,session_1005712_420082,2017-12-03 10:05:15
566,1003716,3541239,sport_equipment,session_1003716_420082,2017-12-03 10:07:39
567,1005712,4538674,sport_equipment,session_1005712_420082,2017-12-03 10:11:32
568,1002927,5075315,book,session_1002927_420082,2017-12-03 10:13:25
569,1005712,2797533,sport_equipment,session_1005712_420082,2017-12-03 10:14:59
570,1000084,4363274,cosmetic,session_1000084_420082,2017-12-03 10:16:33
571,1002618,1808592,toy,session_1002618_420082,2017-12-03 10:20:39
572,1005498,4222164,book,session_1005498_420082,2017-12-03 10:34:00
573,1005498,1340397,clothes,session_1005498_420082,2017-12-03 10:36:04
574,1005498,3341674,toy,session_1005498_420082,2017-12-03 10:36:31
575,1005498,4702450,toy,session_1005498_420082,2017-12-03 10:37:53
576,1002927,418390,shoes,session_1002927_420083,2017-12-03 11:02:20
577,1002618,1370806,food,session_1002618_420083,2017-12-03 11:11:46
578,1001375,3388153,book,session_1001375_420083,2017-12-03 11:13:50
579,1002618,2308420,food,session_1002618_420083,2017-12-03 11:20:15
580,1001326,3083565,electronic,session_1001326_420083,2017-12-03 11:36:07
581,1002618,1432656,book,session_1002618_420083,2017-12-03 11:42:04
582,1002618,2384108,toy,session_1002618_420083,2017-12-03 11:42:15
583,1002618,4945426,book,session_1002618_420083,2017-12-03 11:45:51
584,1001915,3449001,sport_equipment,session_1001915_420083,2017-12-03 11:49:50
585,100528,905677,cosmetic,session_100528_420083,2017-12-03 11:57:45
586,1001915,3368542,sport_equipment,session_1001915_420083,2017-12-03 11:59:53
587,1000335,3536239,toy,session_1000335_420084,2017-12-03 12:01:36
588,1001915,2580972,clothes,session_1001915_420084,2017-12-03 12:03:32
589,1001915,1447850,clothes,session_1001915_420084,2017-12-03 12:03:51
590,1001915,4585679,clothes,session_1001915_420084,2017-12-03 12:10:43
591,1001566,925671,toy,session_1001566_420084,2017-12-03 12:29:23
592,1000335,3210567,furniture,session_1000335_420085,2017-12-03 13:00:35
593,1004096,2672445,sport_equipment,session_1004096_420085,2017-12-03 13:51:05
594,1002307,442940,book,session_1002307_420086,2017-12-03 14:02:22
595,1002307,4211339,food,session_1002307_420086,2017-12-03 14:02:58
596,100528,2618435,book,session_100528_420086,2017-12-03 14:02:59
597,1002909,3362139,book,session_1002909_420086,2017-12-03 14:55:04
598,1002909,3527159,book,session_1002909_420087,2017-12-03 15:19:21
599,1001375,4648650,book,session_1001375_420087,2017-12-03 15:26:31
600,1001375,2180798,book,session_1001375_420087,2017-12-03 15:30:57
