1000636,2579386,3231625,pv,1511539705
1000084,4474837,144028,pv,1511542739
1005649,4415159,2885642,pv,1511558681
1000349,2831190,886203,pv,1511564164
1005712,2846720,3451327,pv,1511564588
1005712,221387,796856,pv,1511564665
1003724,3012053,2983928,pv,1511564724
1003724,2994876,2983928,buy,1511564809
1000349,3523128,634390,pv,1511564868
1003724,3227505,1249761,cart,1511566198
1002909,832994,1505776,pv,1511567484
1001566,1464478,1320293,pv,1511567771
1001566,1113979,1320293,pv,1511568213
1000222,2707677,2465336,cart,1511569761
1005498,4028523,2640118,pv,1511571662
1005498,4593774,3598912,cart,1511572414
1001466,4275288,2558244,pv,1511573082
1001466,334615,922189,buy,1511573331
1005616,4895295,1004392,pv,1511573945
1005616,3855288,1004392,pv,1511574003
1005616,461740,1004392,pv,1511574030
1005616,455385,1842993,pv,1511574064
1005616,1152335,1842993,pv,1511574091
1000222,140359,1526484,pv,1511574814
10009,349984,4793839,pv,1511575323
1002927,2256042,383749,pv,1511575718
10009,1993958,2321836,buy,1511577100
1002526,3172409,4042890,buy,1511577635
1001419,816139,3876855,pv,1511577857
1001326,1864005,1299190,buy,1511577890
1005074,2737657,381850,pv,1511578615
1003901,1292667,4700878,cart,1511579791
1002927,4718062,4834913,pv,1511579965
1002927,2410985,3323023,pv,1511580194
1002927,4333868,1151115,pv,1511580389
1001466,2517919,3604509,pv,1511581144
1000792,934383,4672807,buy,1511581207
1001466,5026955,3604509,pv,1511581265
1004584,3544246,2774299,buy,1511581552
1002526,2930862,737184,pv,1511581583
1001466,5066336,3604509,cart,1511581613
1002526,870595,2355072,pv,1511581700
1001466,1257002,3604509,buy,1511581902
1002927,2961116,2579035,cart,1511583653
1001326,870086,4145813,pv,1511589175
1001326,2255678,4145813,pv,1511589567
1001326,4399600,983613,pv,1511589683
1000228,2730342,1046047,pv,1511590378
1002185,5108025,721242,buy,1511592178
1000228,2730342,1046047,buy,1511592684
1001145,2659396,1457367,buy,1511592883
1003351,855191,238434,pv,1511593186
1001145,1089711,1457367,pv,1511593236
1002185,2192947,285583,pv,1511593372
1001326,931499,3002561,cart,1511593489
1002185,5134300,285583,pv,1511593958
1001326,873997,1568197,pv,1511594052
1003351,435998,1884322,cart,1511595168
1001326,116741,983613,pv,1511595240
1005284,1415285,4868797,buy,1511596288
1003724,1447844,4181361,cart,1511597744
1002185,282801,285583,pv,1511597946
1000349,4350284,4069500,pv,1511598276
1002185,2604550,285583,pv,1511599814
1002185,3152278,285583,pv,1511599822
1002909,738249,1505776,pv,1511601525
1002909,1290730,2419332,cart,1511603045
1004337,3692127,2228184,pv,1511605914
1004584,3771578,85955,buy,1511607589
1005616,3754986,3865465,buy,1511609308
1005616,2457004,2217187,buy,1511609387
1000228,2285833,4339722,cart,1511609548
1005616,461740,1004392,buy,1511610146
1000228,494417,323851,pv,1511611808
1004096,1389713,564681,pv,1511612649
1000636,632660,2786875,pv,1511613043
1004096,4350170,1090997,pv,1511613853
1005832,4907953,982926,cart,1511614575
1000228,1312452,3059103,pv,1511614583
1005832,4956419,1320293,pv,1511614705
1000723,1679779,2466971,buy,1511614991
1000084,3713574,4756105,cart,1511615549
1000084,2441285,4801426,pv,1511616030
1003724,4697569,903809,buy,1511616166
1000228,765808,4138583,pv,1511616482
1000228,2749663,1331853,cart,1511616572
1001472,4762058,3747017,cart,1511616593
1000228,2452738,2476560,pv,1511616713
1000228,4706681,4138583,cart,1511617992
1003716,4650889,2737340,pv,1511619095
1005498,18309,3351726,cart,1511619172
1005498,4257870,3351726,cart,1511619292
1003716,3664433,2737340,cart,1511619421
1005498,3355149,3351726,cart,1511619998
1005498,1708839,3351726,cart,1511620072
1005498,3355149,3351726,pv,1511620292
1000228,2624906,1331853,pv,1511620318
1003716,542973,2737340,pv,1511620900
10009,4945859,874415,cart,1511621209
1003716,300430,2737340,pv,1511621220
1003716,2385268,2737340,pv,1511621320
1003716,786458,2737340,pv,1511621443
1003351,855191,238434,buy,1511621590
1003716,2701204,2737340,pv,1511622148
1001915,191098,1216617,cart,1511622606
1002185,1572510,285583,cart,1511622873
1001915,2875418,1216617,pv,1511622977
1000792,174758,4672807,buy,1511626667
1000636,2633450,2344159,pv,1511627459
1002927,791770,411153,pv,1511628536
1002927,500641,411153,pv,1511628625
1002927,1871881,411153,cart,1511628798
1005712,5045806,3738615,cart,1511636646
1005712,4888516,2640118,pv,1511636821
1005649,1582775,3416804,pv,1511639701
1005649,3979564,137459,pv,1511640360
1005649,644264,1798067,pv,1511640692
1005649,4830088,2196412,pv,1511641009
1005649,4771223,360294,pv,1511641132
1005649,4830088,2196412,pv,1511641142
1005649,3702766,2684959,pv,1511641666
1002185,243523,285583,pv,1511647963
1001472,4384782,3439012,cart,1511650729
1001472,3485113,1462446,buy,1511652357
1001472,1971928,1299190,buy,1511652357
1001915,1795671,1216617,cart,1511652899
1000222,2397544,2355072,buy,1511655905
1000222,1565910,2355072,cart,1511656142
1005616,3792683,2221749,pv,1511658965
1001629,559088,4595718,pv,1511659091
1004584,3057370,2735466,pv,1511659689
1004584,656911,2735466,pv,1511659742
1001326,783373,3654707,cart,1511660247
1002909,206508,1505776,pv,1511660385
1002909,738249,1505776,pv,1511660400
1000723,2840297,2872443,pv,1511661195
1002185,2991276,285583,pv,1511661668
1002909,475913,874415,buy,1511663232
1002909,1831836,721664,pv,1511663543
1001326,4637317,3002561,pv,1511663791
1000084,1659199,4756105,cart,1511665399
10009,4496731,4708262,pv,1511665486
1001326,3079068,982926,pv,1511665931
1005649,3343325,1029459,pv,1511666315
1005649,3030510,858800,pv,1511666765
10009,37314,1875258,buy,1511667232
10009,1420923,2939262,pv,1511667389
1002909,1217213,1020087,pv,1511668375
1002589,2499287,4874492,buy,1511668459
1004584,3605657,1859277,cart,1511669340
1001326,1972955,2652700,cart,1511670058
1001326,4702796,2652700,cart,1511670210
1001326,2199692,3015852,pv,1511670260
1000222,744823,2520377,cart,1511671811
1003249,420144,982926,pv,1511672080
1003249,1132150,4801426,cart,1511672284
10009,37314,1875258,pv,1511672293
1003249,3769173,982926,cart,1511672369
1002307,4112244,3747017,cart,1511672773
1003351,961958,4756105,pv,1511673169
10009,938062,411153,pv,1511673182
1002307,3540376,3451327,pv,1511673234
1003351,1077547,4756105,pv,1511673286
1000222,3461725,2520377,cart,1511673562
1002307,3631897,4048584,pv,1511674640
1001326,3044471,3002561,pv,1511676667
1001326,2651113,3002561,pv,1511676706
1005832,4828082,3160684,pv,1511679969
1005832,3096889,3607361,pv,1511680056
1002909,3489801,1505776,pv,1511680469
1003351,2364679,4756105,pv,1511681076
1001326,3367369,982926,pv,1511681438
1001326,693206,982926,pv,1511681589
10009,4966509,61626,pv,1511681920
1001326,2393831,1249923,cart,1511681940
1002909,1217213,1020087,pv,1511682371
1001326,3011676,1249923,cart,1511682387
1001326,2138013,4145813,cart,1511685651
10009,4057657,1451814,pv,1511685866
1002307,743380,3158249,buy,1511687339
1005498,3125830,3607361,cart,1511688337
1005616,2553889,2221749,buy,1511690375
1001915,203244,4145813,pv,1511690445
1001915,779670,2465336,pv,1511690463
1000349,2731813,1216617,cart,1511698350
1001199,1053132,1948588,buy,1511698539
1003716,4727640,3898483,pv,1511698684
1005616,455385,1842993,pv,1511699281
1005616,455385,1842993,buy,1511699345
1002185,162442,846990,cart,1511699586
1005616,4833855,634390,pv,1511701539
1005616,2193689,4889820,cart,1511701813
1001419,4252236,3880463,pv,1511701839
1001419,4095210,4331400,cart,1511701981
1001419,2160688,2862512,cart,1511702033
1005616,2332631,1451783,pv,1511702142
1005616,2137370,4267003,pv,1511702255
1004807,1188838,4170419,cart,1511702663
1001915,697305,903809,cart,1511702756
1002909,3846692,4882154,pv,1511702872
1002307,4153860,4801426,pv,1511703709
1005712,2204051,4756105,pv,1511704571
1005712,4091349,3607361,pv,1511704740
1004584,1168346,4331400,buy,1511705127
1000228,38891,1859277,pv,1511705315
1002307,4863008,2072473,pv,1511705661
1002307,4863008,2072473,pv,1511705737
1001566,2667082,4583654,buy,1511705905
1002909,771558,1686309,pv,1511706040
1002307,2028434,4801426,cart,1511706144
1000228,2127636,2520377,pv,1511706259
1002307,2993641,2520377,pv,1511706738
1001199,2250923,4602841,buy,1511706807
1001199,1443114,4602841,buy,1511706807
1005166,4347375,154040,pv,1511706818
1000228,4837185,1859277,pv,1511707361
1002307,532443,2732466,pv,1511707552
1000228,2629212,1859277,cart,1511707580
1004584,1955639,4145813,pv,1511708637
1004807,1188838,4170419,pv,1511711814
10009,3283696,1879194,pv,1511713282
10009,4790721,2939262,pv,1511716811
10009,4790721,2939262,pv,1511717363
1001375,4163600,1320293,pv,1511721622
1001375,372144,2640118,pv,1511722997
1001375,130217,3720767,buy,1511723122
1005712,1335684,4756105,pv,1511727643
1003724,4314127,5012555,cart,1511734378
1003724,1788471,4181361,cart,1511735022
1000222,3461725,2520377,buy,1511739445
1000084,1659199,4756105,pv,1511741024
1000084,987677,1080785,pv,1511743593
1000349,4350284,4069500,pv,1511745038
1003351,482929,4357323,pv,1511746352
1003351,725164,2158079,pv,1511747891
1002909,3018301,1567637,pv,1511748190
1004096,305698,1169371,buy,1511750004
1000792,4891581,3002561,pv,1511750574
1001566,646921,3500710,pv,1511751106
1001145,764670,4145813,pv,1511751898
1000792,487347,3720767,cart,1511752161
1001145,1106837,4145813,cart,1511752310
1003724,1358583,3002561,cart,1511752516
1001375,1632783,2212343,cart,1511753110
1000084,3350364,3898483,buy,1511753391
1001915,2932138,2640118,pv,1511754330
1001915,2331370,3607361,pv,1511754593
1001915,2061909,3002561,pv,1511754727
1001915,4667522,3720767,pv,1511755055
1003249,1140218,2465336,cart,1511756311
1000228,1986867,3378887,pv,1511758680
1000228,3730396,3378887,pv,1511758901
1002909,2629948,4581579,pv,1511759468
1002909,460466,724320,pv,1511760264
1002909,3844686,4581579,cart,1511760319
1002526,4551045,2735466,buy,1511763124
1002526,682079,3674154,cart,1511763638
1001466,929641,4173315,pv,1511764037
1001466,1973512,982926,pv,1511764101
1000084,1659199,4756105,pv,1511764246
1001326,1804513,3002561,pv,1511764453
1001326,4605369,3002561,pv,1511764672
1000084,987677,1080785,pv,1511764872
1005074,4124021,3607361,cart,1511765444
1001326,1870386,4145813,pv,1511765601
1002909,936197,703487,pv,1511765738
1000636,1489724,2994558,cart,1511765985
1005074,1188579,2895013,pv,1511766866
1001199,1589561,2495340,buy,1511767540
1004337,2187255,3439012,buy,1511767626
1005649,1526737,4684862,buy,1511768382
1005074,1188579,2895013,buy,1511768871
1005649,510660,293630,buy,1511769118
1005166,3649902,3738615,pv,1511770759
1002185,64810,4672807,pv,1511774554
1005166,3528778,1216617,pv,1511781035
1002042,1972511,2367907,buy,1511781350
1000636,3616789,2994558,pv,1511782224
1000636,287835,2994558,pv,1511782257
1002042,5105481,2367907,buy,1511783290
1002042,4737773,2650391,buy,1511784873
1004337,4390368,4801426,pv,1511785994
1002618,3331681,1973012,buy,1511786470
1002618,2780673,3002561,cart,1511786577
1001566,4694270,3002561,pv,1511789169
1005498,127953,3351726,cart,1511789289
1001566,2708978,982926,cart,1511789639
1001566,818466,4217906,pv,1511789729
1005498,4787032,3351726,pv,1511790276
1001145,3104839,4989816,cart,1511790835
1001145,2981221,4989816,pv,1511791174
1000636,1273440,2994558,cart,1511791335
1002909,206508,1505776,pv,1511791392
1002909,206508,1505776,pv,1511791595
1000335,4297249,4211233,pv,1511791693
1000335,773321,4211233,cart,1511791919
1000335,253040,2485713,pv,1511792613
1000335,253040,2485713,buy,1511792645
1001145,2825567,4989816,pv,1511792839
1000228,1422728,2640118,pv,1511794368
1002307,177796,2520377,pv,1511795193
1000084,2958216,2033408,cart,1511796291
1000084,1225298,2033408,cart,1511796325
10009,2794153,2440115,buy,1511797357
1002927,1762506,477292,cart,1511798241
10009,718985,4801426,pv,1511798867
1003901,530474,2945933,pv,1511798989
1003901,649676,3795340,cart,1511800139
1000636,2256962,1611144,pv,1511800627
1000636,4309979,3794706,pv,1511800830
1005649,3741680,360294,buy,1511817166
1003901,2687493,3795340,cart,1511818833
1003901,451286,3795340,pv,1511820892
1003901,2658989,3795340,cart,1511821128
1003901,1483161,2572604,pv,1511822260
1000349,1963858,1807416,pv,1511822820
1002185,4570068,4244487,cart,1511826462
1001629,3216276,4239903,buy,1511831104
1001629,81069,4239903,pv,1511831405
1005294,84698,1132465,buy,1511831712
1005074,2870935,4764977,pv,1511834697
1004337,325313,3002561,buy,1511835867
1005074,1200627,3607361,cart,1511836743
1002618,2793892,3002561,cart,1511840526
1001915,3303693,4145813,pv,1511840662
1003716,4122831,1419417,pv,1511840696
1001915,3890502,1080785,pv,1511840720
1000349,3193857,1008362,cart,1511840879
1000349,1357688,1008362,pv,1511840892
1005832,4174405,1595193,buy,1511841535
1005832,2105259,358773,cart,1511841724
1004584,920480,3645362,pv,1511841965
1005832,5086624,358773,buy,1511841970
1005649,4692148,2088964,pv,1511843198
1005649,5152824,940822,pv,1511843476
1005649,4811639,940822,pv,1511843549
1005649,4875298,940822,pv,1511843747
1005649,4875298,940822,buy,1511843880
1005649,1501733,940822,buy,1511843880
1005649,4692148,2088964,buy,1511843880
1001566,1299608,3500710,buy,1511847018
1001566,1299608,3500710,pv,1511847482
1000228,1880571,3378887,buy,1511848092
1000349,2882640,3108044,pv,1511850474
1004584,4695224,1216617,buy,1511851709
1005498,1735206,4022701,cart,1511851764
1003351,662524,1051370,pv,1511852866
1003351,400851,1051370,pv,1511853683
10009,4486458,1299190,pv,1511854499
1005616,1365115,4242717,pv,1511854602
10009,5119588,4918438,pv,1511855184
1001326,1941452,3002561,pv,1511855333
10009,3236416,4181361,pv,1511855750
1004584,2526892,2465336,cart,1511855773
1003716,4416136,1419417,buy,1511855779
1005616,454408,4242717,pv,1511855824
1005074,1200627,3607361,pv,1511856101
1005074,965798,2672762,pv,1511856191
1005616,2381943,4242717,pv,1511856473
1001566,3391967,4690421,pv,1511857299
1001566,2304016,3500710,buy,1511858401
1001566,3355080,4801426,pv,1511858530
1001915,2497205,1457367,pv,1511859459
1001566,1697078,1573465,pv,1511859807
1005074,965798,2672762,pv,1511864826
1004337,3945615,1879194,pv,1511865837
1004584,845822,3607361,pv,1511867174
1003901,1347509,4700878,buy,1511867643
1004337,3032611,4756105,pv,1511868067
1003724,1112818,865039,pv,1511868070
1005832,1815456,1575622,pv,1511870421
1000636,44202,3880463,buy,1511872082
1003724,4258357,3844144,cart,1511872521
1003724,4399937,3844144,cart,1511872577
1003724,641976,4181361,pv,1511873076
1000084,2721889,149192,pv,1511873693
1000084,3930186,2355072,pv,1511875032
1000228,329628,1859277,pv,1511875572
1001629,3942025,4956748,buy,1511875919
1004807,981566,1029459,cart,1511876385
1000228,329628,1859277,pv,1511876609
1005498,1147995,3171095,pv,1511877781
1000228,1024736,1320293,pv,1511877877
1000228,144409,1320293,pv,1511878005
1002909,4831634,2124307,pv,1511878087
1004096,3488953,564681,pv,1511879047
1000228,329628,1859277,buy,1511879601
1002307,3044282,65362,pv,1511879713
1000228,2285833,4339722,pv,1511879835
1000877,305317,1834026,cart,1511879987
1000228,1304452,4339722,pv,1511880100
1000228,1008152,4339722,pv,1511880107
1000228,2709813,1792277,pv,1511880171
1002307,1892817,553365,pv,1511880175
1004096,947168,3999977,pv,1511880282
1002909,2671601,3123784,pv,1511880305
1002307,1007312,3579754,pv,1511880751
1000228,3768502,4339722,cart,1511880907
1000228,1986707,4339722,pv,1511881084
1000228,1814314,4339722,pv,1511881397
1004807,1714664,550660,pv,1511881651
1002307,2643848,2465336,pv,1511881728
1003351,3733357,1051370,pv,1511881800
1003351,4923510,2945933,pv,1511882208
1003351,3685265,1029459,pv,1511883658
1000228,4109821,2558244,pv,1511884159
1000228,4565112,2361828,pv,1511884392
1002618,409116,4145813,pv,1511886153
10009,2184170,3312150,pv,1511890973
1003901,3670376,2945933,pv,1511907027
1003901,2777840,2945933,pv,1511907440
1005616,3148492,1080925,pv,1511908720
1000349,3011543,2926020,pv,1511910463
1000349,1545024,1216617,pv,1511910526
1004792,2955803,3645362,buy,1511910899
1000349,1545024,1216617,pv,1511910994
1004792,4219318,4558987,buy,1511911196
1004792,1893423,154040,pv,1511912806
1000349,1545024,1216617,pv,1511915313
1004792,361294,570735,cart,1511918185
1001915,5110323,2355072,cart,1511918478
1003656,1369597,3673049,pv,1511919411
10009,2622294,4294583,pv,1511919825
1003351,2186668,883960,cart,1511919855
1001145,3127410,4217906,pv,1511920195
1003656,3466178,3673049,buy,1511920326
1001145,2793877,4217906,pv,1511920645
1000228,2472136,4339722,pv,1511921191
1003716,3516903,3898483,buy,1511922566
1003716,3516903,3898483,pv,1511922641
1000636,2129777,200278,pv,1511924179
1001915,2994257,2578647,pv,1511924381
1001326,1372769,2735466,pv,1511925373
1003656,654710,3299155,cart,1511926536
1000349,1545024,1216617,pv,1511926597
1000349,3011543,2926020,pv,1511926725
1000228,1008330,4756105,pv,1511927229
1003716,3982661,570735,pv,1511927253
10009,37314,1875258,pv,1511927696
1003716,3880607,570735,pv,1511927900
1002185,2692681,4022701,pv,1511928435
1000222,1349892,2241047,pv,1511928662
1004096,725452,2733371,cart,1511930190
1000349,4491836,2194744,cart,1511930279
1000349,1757094,2982027,pv,1511930561
1000349,2383163,4321796,pv,1511930864
1000349,4809668,3738615,pv,1511930868
1003724,810022,5101104,pv,1511930979
1005284,3661621,1689624,pv,1511931041
1000349,906282,634390,buy,1511931054
1005284,716219,1689624,pv,1511931392
1000349,1545024,1216617,buy,1511931666
1001419,4092373,982926,pv,1511932559
1005284,1509041,4223012,pv,1511933775
1000723,575683,1868174,pv,1511934186
1002589,905943,2131531,pv,1511934220
1005284,4975718,848089,buy,1511934997
1003351,602202,3607361,pv,1511935098
1005284,1509041,4223012,buy,1511935125
1005284,4020971,1689624,buy,1511935146
1005284,4693404,1689624,buy,1511935201
1005284,2139942,1689624,buy,1511935236
1000222,4429587,2735466,pv,1511935721
1000723,164553,1691699,pv,1511935807
1005712,869209,1765288,pv,1511936116
1002927,1762506,477292,buy,1511936603
1001466,1257002,3604509,cart,1511937536
10009,931229,85955,pv,1511940345
10009,1533647,2948269,pv,1511940622
1000228,3815973,4339722,buy,1511940698
10009,1944561,3231625,cart,1511941716
1005294,1905948,1132465,buy,1511942350
1005616,544000,1980111,pv,1511943234
1002185,2673053,3371868,cart,1511943670
1002185,4856750,3371868,cart,1511943732
1004792,427434,154040,buy,1511944551
1001915,3556340,3002561,pv,1511945711
1001915,2846310,3065645,pv,1511945819
1002185,4197294,4662072,pv,1511948426
1003351,4678243,3607361,pv,1511950320
1001566,2292668,1275696,pv,1511950643
1001566,4510929,1573465,pv,1511950712
1000222,2821630,2735466,buy,1511951856
1002927,3008190,1604691,pv,1511952215
1002927,1348316,2579035,pv,1511952839
1002927,2557785,2579035,pv,1511953492
1001566,23239,411153,buy,1511953792
1002927,4221248,2579035,pv,1511953905
1005712,1014296,2736436,pv,1511954008
1002927,2695795,3917972,pv,1511954354
1002927,4221248,2579035,buy,1511954439
1005712,4563074,2806049,pv,1511954769
1004096,4523605,334161,cart,1511955048
1004096,4923282,2606924,pv,1511955221
1005712,5080819,3844144,buy,1511956422
1000335,872404,194806,buy,1511956646
1005712,3092053,1521931,buy,1511957230
1002185,1657754,285583,pv,1511958743
1005498,2242453,1471163,pv,1511961667
1005498,2825454,1471163,pv,1511961738
1005498,5049477,4387956,buy,1511962947
1005498,592124,4069500,pv,1511964427
1004096,1703317,3779369,cart,1511964573
1005832,1954667,1320293,pv,1511964582
1005832,4856500,2465336,cart,1511964708
1004096,762383,3796207,pv,1511964729
1005498,143281,4672807,pv,1511964809
1005832,2819476,2465336,cart,1511964836
1005832,4116854,2465336,cart,1511965007
1005832,3810457,2520377,pv,1511965281
1001419,4252236,3880463,buy,1511966350
1001566,2220235,1973012,buy,1511966504
1002927,2967615,2293367,pv,1511967127
1002307,1292323,1449177,cart,1511968041
1003351,907841,1051370,pv,1511968727
1002307,195056,1449177,pv,1511969199
1004807,2790543,3158249,pv,1511969200
10009,1420923,2939262,pv,1511969770
10009,4653155,2982027,pv,1511970295
10009,1266437,642223,cart,1511970912
1000636,1559384,3002561,buy,1511971236
10009,3924907,411153,pv,1511971395
1000792,1802878,381850,pv,1511971574
1002526,398593,2896142,buy,1511971742
1002526,3200672,3674154,buy,1511972000
1003716,1240933,1451041,pv,1511973608
100528,2103782,2885642,buy,1511977018
1002185,743052,1217732,cart,1511988751
1003901,2592122,1249761,pv,1511993803
1003901,1959091,2945933,pv,1511994565
1003901,474469,2673821,cart,1511994725
1004792,1443490,3755957,pv,1511995278
1002185,1727986,3371868,buy,1512001792
1003724,4878108,4181361,pv,1512002084
1002185,4807503,1963052,pv,1512002350
1003249,4329365,4818107,pv,1512004897
1000877,1783613,3369736,pv,1512005791
1000877,3668317,3369736,buy,1512006269
1000877,1833783,1694669,buy,1512006269
1000877,3936676,4563628,buy,1512006269
1000877,2552942,4563628,pv,1512006365
1004096,3741352,4969568,cart,1512007616
1001466,2010880,2355072,pv,1512007819
1004096,1898034,362750,buy,1512007840
1001629,2075326,3222818,buy,1512008236
1001466,4162768,1320293,cart,1512008257
1001466,3841346,154040,pv,1512009559
1001145,1624837,866301,pv,1512010225
1000349,2438523,2640118,cart,1512010354
1000349,4056188,2640118,pv,1512010374
1001145,731783,866301,buy,1512010592
1000084,1795031,3947630,pv,1512010886
1003351,768295,4145813,pv,1512012178
1003716,4416136,1419417,pv,1512012209
1004584,3637528,4756105,pv,1512012890
1000084,3453542,2612027,cart,1512013284
1000636,1489724,2994558,pv,1512015606
1001419,4061696,982926,buy,1512016147
1004096,479367,3975787,pv,1512018292
1000349,1963858,1807416,pv,1512018458
1004096,4907087,1446405,buy,1512019405
1004096,3674544,3975787,buy,1512019564
1003724,1931272,339124,pv,1512020166
1003656,487547,1312642,pv,1512020589
10009,4945859,874415,pv,1512022212
1004337,2528039,4801426,pv,1512022531
1000723,3122135,1516409,buy,1512023238
1003656,3788016,4145813,buy,1512025089
1003656,5059698,3002561,buy,1512025911
1003724,4997111,2085893,buy,1512027483
1000335,1839074,1672186,pv,1512027579
1004792,1275059,245312,cart,1512031038
1004792,2158725,2735466,cart,1512031131
1004792,4665048,4145813,pv,1512031203
1001326,2210978,1299190,pv,1512031649
1003901,2334611,4700878,cart,1512033812
1003351,296719,2465336,pv,1512034057
1001419,3933544,4069500,pv,1512035240
1001419,1999063,2926020,pv,1512035571
1002042,3274284,4606718,cart,1512035997
1003901,1347509,4700878,cart,1512036077
1004337,2128740,3231625,pv,1512036246
1004337,849843,3231625,buy,1512036339
1000335,3446193,2311290,cart,1512043609
1000335,2068780,1859277,cart,1512044614
1002185,2305096,84264,cart,1512045697
1004337,2251060,2465336,pv,1512045776
1000636,705046,3962843,pv,1512047608
1001199,4163794,2433095,cart,1512048031
1005498,5066294,2507053,cart,1512048857
1002589,126664,4736710,buy,1512049104
1005166,4863117,4145813,cart,1512050408
1003351,2382901,245312,pv,1512050421
1003351,2322529,1029459,pv,1512050924
1005712,3484049,2945933,pv,1512051136
10009,2842407,1231891,pv,1512051480
1003901,2334611,4700878,pv,1512051626
1001419,3770731,4069500,cart,1512051874
1003901,3233798,1521931,buy,1512052491
1002307,4546465,4181361,pv,1512052692
1001199,838793,3740459,cart,1512053660
1003716,1780583,401357,cart,1512054313
1002307,4238977,3338209,cart,1512054696
1002307,3236572,1958275,cart,1512055068
1000723,2890224,4022701,pv,1512055588
10009,447009,1960675,pv,1512056129
1000723,303794,2640118,pv,1512057025
1000723,444181,2362370,pv,1512057154
1000636,1766214,3102419,buy,1512057665
1000313,2740686,1299190,pv,1512058109
1000636,2675011,2926020,pv,1512058366
1000228,735415,4756105,pv,1512061882
1005712,1960493,2736436,pv,1512064629
1005712,3149861,2736436,pv,1512065041
1005712,4385701,4310023,cart,1512065757
1005712,1944257,846990,pv,1512065857
1005712,4005583,846990,pv,1512066869
1005712,1968023,1276979,pv,1512067346
1005712,1127932,4338287,pv,1512068229
1005712,2927287,4338287,pv,1512068618
1004792,49781,3607361,pv,1512083719
1004792,2810705,2520377,pv,1512084159
1004792,4956559,181348,pv,1512084273
1001629,1957949,338646,cart,1512084798
1000228,2299965,866301,pv,1512089339
1001326,4132140,4801426,buy,1512090959
1002042,1370842,1575622,cart,1512091175
1005616,1849180,1414043,pv,1512091206
1005616,2688087,1414043,pv,1512091305
1005616,139496,3175480,pv,1512091616
1001326,3300853,4069500,pv,1512091732
1005616,975226,1943989,pv,1512092001
1001326,931499,3002561,pv,1512092100
1001326,4129713,4069500,pv,1512092144
1002618,1134646,3607361,pv,1512093034
1001326,1951985,2735466,cart,1512093079
1001145,1338355,4181361,cart,1512093507
1001145,2740047,4181361,pv,1512093731
1005294,4937498,4889820,buy,1512093790
1001326,1551966,4069500,pv,1512093822
1001145,1106837,4145813,pv,1512093872
1001326,970425,4069500,cart,1512094009
1002185,4146414,4719814,pv,1512095475
1002185,800445,285583,cart,1512095700
10009,260779,1875258,pv,1512096214
1002185,4856750,3371868,cart,1512096712
1001326,1773417,3738615,cart,1512096778
1004792,2793823,957119,buy,1512096945
1003716,4138728,3898483,pv,1512097236
1002618,1413966,3607361,buy,1512097362
1003716,1115643,3898483,cart,1512097384
1002618,2888477,3607361,pv,1512097426
1002618,4947400,3607361,pv,1512097446
1003724,563665,1231891,pv,1512097752
1003724,202202,1231891,cart,1512097836
10009,4790721,2939262,pv,1512098013
10009,4092237,411153,pv,1512098429
1001326,4594051,4069500,cart,1512099531
1000228,3345192,4138583,pv,1512099808
1003656,4324807,3673049,cart,1512100330
1001466,955365,4170419,pv,1512101332
1005074,3961311,4145813,pv,1512101480
1001466,2356958,4170419,buy,1512102138
1001466,3764250,4170419,buy,1512102940
1000636,2295206,2042400,pv,1512103609
1005166,3990990,4756105,pv,1512105695
1000228,3660992,1169503,pv,1512106037
1000228,5126434,3409740,pv,1512106580
1001466,1214228,4756105,pv,1512106651
1001566,687624,1265358,pv,1512107411
1001566,1357617,1973012,cart,1512107653
1001566,3365312,5071267,pv,1512107917
1002185,177075,5144469,pv,1512110041
1001915,193842,2033408,pv,1512110222
1001915,2453685,3664107,pv,1512110816
1001915,2748554,634390,pv,1512110932
1002927,4668260,749692,pv,1512111785
1002185,639339,4980533,buy,1512111798
1005712,1505876,2578647,pv,1512112947
1005712,995550,2578647,pv,1512113062
1005074,3116844,1526856,cart,1512113619
1005294,1370770,4719814,pv,1512116749
1003351,2832809,2465336,pv,1512117165
1004584,758425,4138583,buy,1512119332
1001419,4334292,2640118,cart,1512119996
1002927,4102262,4130426,pv,1512120789
1002185,2040621,285583,pv,1512120859
1000228,2674960,1884568,pv,1512121303
10009,4790721,2939262,pv,1512122159
1005712,377345,2342116,pv,1512125981
1001566,3562796,2030976,pv,1512126339
1001326,1843392,2735466,cart,1512126567
1001326,28356,2885642,pv,1512126737
1005498,2933451,815311,cart,1512127599
1005498,767464,815311,pv,1512127707
1001566,4886353,3607361,buy,1512127770
1002185,771853,84264,cart,1512128175
1005498,4222164,3598912,buy,1512128184
1005498,1556593,1127566,buy,1512128184
1005498,1254527,815311,buy,1512128184
1001566,3457845,3500710,pv,1512128473
1004096,658010,1265358,buy,1512130495
1004337,1327049,1792277,cart,1512131165
1004096,1885579,381850,buy,1512131254
1004096,5122024,334161,pv,1512131328
1001915,2657502,4181361,cart,1512131490
1002927,4932938,3112817,cart,1512131792
1000723,5021781,2362370,pv,1512132426
1003351,2078526,3621778,buy,1512132697
1000723,687309,2558244,pv,1512132982
1000723,4804351,4022701,pv,1512133328
1002927,4133976,3425094,cart,1512133484
1000723,414825,2640118,pv,1512133876
1003901,122092,2945933,pv,1512133914
1000723,3305461,2640118,pv,1512134893
1000723,1001675,2640118,pv,1512134908
1000723,2075893,2578647,pv,1512135376
1002927,4075754,749692,pv,1512136070
1002927,3052761,749692,pv,1512136086
1002909,3285990,1061857,pv,1512136134
1002909,3656335,1061857,pv,1512136404
1002909,785193,1061857,pv,1512136464
1001915,1728241,1973012,buy,1512137131
1002927,3158800,749692,pv,1512137533
1000723,1699399,1691699,pv,1512138488
1000723,2718833,1691699,pv,1512140425
1002589,4280196,553365,pv,1512140486
1002307,4277622,553365,pv,1512140512
1002307,2700020,553365,cart,1512141046
1000723,2127965,1691699,buy,1512141222
1002307,1958270,2157356,pv,1512141335
1002307,4600407,2572604,cart,1512141394
1000723,4058123,360294,pv,1512141514
1002307,2028434,4801426,cart,1512141920
1002909,3645147,4589142,pv,1512142258
1003716,5149910,3898483,pv,1512142534
1000723,3893803,929749,cart,1512142951
1000723,4787441,16219,cart,1512142962
1002909,1370564,399287,pv,1512143847
1002909,2505118,794153,pv,1512144436
1002909,467423,622168,pv,1512144440
1002909,2505118,794153,pv,1512145391
1000313,379371,1851156,cart,1512145397
1000313,4176986,119741,pv,1512145523
1001145,706065,4082778,cart,1512145569
1001466,4162768,1320293,pv,1512145780
1000084,4681225,1080785,pv,1512147511
1002185,2823620,285583,pv,1512149179
1001472,3728619,2165636,cart,1512164652
1001566,2773575,3500710,pv,1512166882
1000313,4960832,1851156,buy,1512170989
1001145,1024622,1051370,pv,1512171678
1001145,1779897,1051370,pv,1512172054
1003901,21762,1622413,cart,1512172773
1003901,3897452,1622413,cart,1512173912
1005498,3341674,3351726,cart,1512174199
1005498,1151537,3351726,pv,1512174218
1000228,2335179,2355072,pv,1512174350
1000228,2874723,2355072,pv,1512174363
1000228,2963472,3607361,pv,1512174410
1000228,2013888,149192,pv,1512174757
1000228,2013888,149192,pv,1512174777
1005498,2164892,3865465,pv,1512176078
1005498,3915717,2217187,pv,1512176603
1005498,4146835,2217187,cart,1512176685
1005498,2457004,2217187,pv,1512176900
1001326,3470901,2465336,cart,1512177340
1004807,2032855,1474371,cart,1512177530
1001629,1014292,854059,buy,1512178374
1003901,4054448,2304296,cart,1512178540
1004807,3976381,1474371,buy,1512179131
1004807,1764042,174239,cart,1512179172
1004337,1327049,1792277,buy,1512181105
1001466,4286624,1859277,cart,1512181397
1005294,672767,411153,cart,1512182391
1005074,965798,2672762,buy,1512183009
1004807,3297610,2520771,pv,1512184170
1003901,3823579,3158249,buy,1512185206
1005832,4643236,883960,pv,1512186446
1001419,2550378,4339722,pv,1512186839
1004584,2795410,2355072,pv,1512187395
1000723,627476,360294,pv,1512187632
1003249,420144,982926,pv,1512188434
1003724,5039692,4643350,cart,1512191437
1000349,2583697,2033408,buy,1512191764
1001199,724626,1973012,buy,1512191844
1001419,4489561,4339722,pv,1512192940
1001419,1241301,4339722,pv,1512193063
1002185,2290512,2736436,pv,1512193325
1002185,2405091,2736436,pv,1512193357
1004792,3999452,2520771,cart,1512193638
1002185,2405091,2736436,buy,1512196688
1002185,173040,84264,cart,1512197029
1002589,1857391,722797,buy,1512197537
1000313,2137013,3624696,cart,1512198175
1003901,939688,1626599,pv,1512198349
1003901,4450718,2204097,pv,1512198521
1003901,1279406,2945933,pv,1512198533
1003901,1286844,3975787,pv,1512198650
1003901,4436021,2204097,pv,1512198802
1003901,506837,3454970,pv,1512199170
1000877,4532743,2640118,cart,1512199884
1000877,3612554,1265358,pv,1512200171
1000792,4203564,285583,pv,1512200878
1000792,487347,3720767,pv,1512200917
1000228,1632677,4643350,pv,1512201506
1000228,1701914,4643350,pv,1512201514
1001375,2279108,4672807,pv,1512202621
1001375,2615507,2732466,pv,1512202794
10009,3557403,411153,pv,1512202965
1001915,3419397,1169503,buy,1512203443
1005712,4845655,1176344,pv,1512204974
1003901,2969676,3975787,buy,1512206464
1003901,1339786,690811,buy,1512206464
1003901,1149771,2158870,buy,1512206464
1003901,307896,4464320,buy,1512206464
1003901,3095307,3975787,buy,1512206464
1003901,2044299,4767457,buy,1512206464
1003901,1286844,3975787,buy,1512206464
1003901,3107357,2673821,buy,1512206464
1003901,689042,1872294,buy,1512206464
1003901,506837,3454970,buy,1512206464
1003901,2870017,2303546,buy,1512206464
1003901,2040053,2304296,buy,1512206635
1002618,4107216,149192,pv,1512207452
1002909,4166159,2892802,pv,1512208947
1003901,904672,2062239,cart,1512212523
1005712,5141627,3231625,pv,1512212766
1005712,321118,339580,cart,1512212906
1004807,2407084,3250334,pv,1512213273
1000723,627476,360294,buy,1512213487
1003901,5122971,4696539,cart,1512213909
1003351,4243843,1948588,pv,1512214757
1002909,4435573,1108912,buy,1512214931
1003351,2696738,3081594,pv,1512215178
1003351,2119408,2572604,pv,1512215370
1003351,701097,2572604,pv,1512215453
1003351,701097,2572604,cart,1512215597
1000228,1366286,1320293,pv,1512215922
1000228,997154,982926,pv,1512216811
1000228,2842032,982926,pv,1512217212
1000723,729577,2201685,buy,1512218103
1000792,487347,3720767,pv,1512218825
1001466,4409034,3002561,pv,1512220141
1005284,4694699,4731191,pv,1512220430
1000723,1636223,3343095,buy,1512220538
1001466,4347450,3002561,pv,1512220551
1000723,4804194,1812396,buy,1512221007
1000723,252579,16219,pv,1512221330
1001466,1818928,4756105,pv,1512221349
1002307,2301519,3323163,cart,1512221441
1002307,528426,3323163,pv,1512221464
1000792,1169469,285583,pv,1512221479
1005712,610505,3231625,cart,1512221518
1005712,2041725,4339722,pv,1512222129
1000723,2300846,929749,buy,1512222243
1005166,3363470,4145813,pv,1512222389
1000792,487347,3720767,pv,1512222474
1001915,4620686,4145813,pv,1512222845
1005284,1892802,4868797,cart,1512223382
1005166,4863117,4145813,buy,1512223471
1005166,4017832,4145813,buy,1512223657
1001629,1723753,3880463,buy,1512224097
1002307,1616429,4254099,pv,1512224770
1001566,2874789,1873826,pv,1512228971
1001566,2521933,1873826,pv,1512229011
1002042,3101480,3248072,cart,1512229094
1002042,2974274,3248072,buy,1512229301
1001566,2704566,1275696,pv,1512229438
1001566,1576207,154040,pv,1512229695
1001566,1185201,1275696,cart,1512229867
1005649,2750969,2885642,pv,1512231703
1005649,1462679,2885642,cart,1512231845
1005649,621929,2885642,pv,1512232064
1000313,2137013,3624696,pv,1512233712
1000313,2190257,119741,buy,1512234111
1000313,1413154,3624696,buy,1512234111
100528,703963,2314022,cart,1512236094
100528,3420920,810632,buy,1512236186
1001375,1341755,2735466,cart,1512237107
1001419,2044528,2640118,pv,1512237471
1001466,2140034,4145813,pv,1512258954
1000349,4350284,4069500,pv,1512260529
1005294,3865393,2247880,cart,1512261320
1005294,755870,2247880,pv,1512261402
1001472,1855491,1299190,pv,1512261892
1005284,4344847,545775,cart,1512262597
1002909,5073692,3138705,pv,1512262914
1005284,4119899,1414911,buy,1512263522
1002909,2219674,4476428,pv,1512263704
1005166,1826559,634390,buy,1512266408
10009,3557403,411153,buy,1512266493
1000723,10034,440901,pv,1512269413
1000723,1791424,440901,pv,1512269424
1002307,954365,2085893,pv,1512269522
1002307,2028434,4801426,buy,1512269777
1002307,1164412,3248072,buy,1512269777
1002307,4466165,876318,buy,1512269777
1000723,2360940,2640118,pv,1512270042
1005712,4705170,4138583,pv,1512271236
1005712,2982506,2559494,pv,1512271299
1003901,1347509,4700878,pv,1512271592
1004584,3334864,3849096,buy,1512272517
1002307,300124,4170419,buy,1512273757
1000084,3239215,3975787,pv,1512274486
1005712,610505,3231625,buy,1512275770
1000084,1381037,620409,cart,1512276330
1000084,4367881,620409,pv,1512276883
1000084,3891320,4602841,buy,1512277438
1004792,2955803,3645362,pv,1512277636
1002909,4708420,1108912,pv,1512278212
1004337,2635552,64179,buy,1512278306
1002909,3362139,1108912,pv,1512278702
1003716,3329070,2440115,buy,1512279898
1004337,4025544,753984,pv,1512280452
1001199,347750,411153,buy,1512280770
1000636,5050528,4357323,pv,1512280830
1003656,1785183,2672762,pv,1512281003
1003656,2969304,2672762,cart,1512281369
1004792,3555246,4145813,cart,1512281451
1003249,2635102,3214361,pv,1512283118
1003249,4172446,3975787,buy,1512285066
1000084,2425522,2666911,buy,1512285134
1003249,532145,2158870,buy,1512286064
1003249,3022799,957119,buy,1512286064
1003249,4234760,4601757,cart,1512286298
1003716,2453991,882707,pv,1512286460
1005166,2033793,3189162,buy,1512286735
1004807,2927238,1029459,buy,1512287201
1000877,212989,3123187,pv,1512287233
10009,4790721,2939262,pv,1512287339
1002042,3980381,2030976,pv,1512287745
1004792,585725,4145813,cart,1512288403
1003716,4120712,882707,pv,1512288653
1000084,2861878,2626421,pv,1512289593
1002927,856297,4130426,pv,1512289972
1000723,4365582,2355072,pv,1512292058
1000877,3422222,2407396,cart,1512292069
1001466,3828201,4069500,buy,1512292406
1003716,180342,882707,pv,1512293227
1003351,2995656,3002561,pv,1512294532
1000636,2087115,200278,pv,1512295092
1002042,5008017,2030976,pv,1512295476
1005712,3421467,2640118,pv,1512295515
1002042,4520041,2030976,buy,1512295605
1003716,3541239,882707,pv,1512295659
1005712,2413573,1274818,cart,1512295659
1005712,4538674,2578647,pv,1512295892
1002927,5075315,749692,pv,1512296005
1005712,2797533,2578647,pv,1512296099
1000084,4363274,4632044,pv,1512296193
1002618,1808592,902556,pv,1512296439
1005498,4222164,3598912,pv,1512297240
1005498,1340397,4022701,pv,1512297364
1005498,3341674,3351726,pv,1512297391
1005498,4702450,3351726,pv,1512297473
1002927,418390,3100408,pv,1512298940
1001375,1096863,2355072,buy,1512299185
1001375,108408,2355072,cart,1512299435
1002618,1370806,3194735,pv,1512299506
1001375,3388153,2355072,pv,1512299630
1001375,5099233,2355072,cart,1512299852
1002618,2308420,3194735,pv,1512300015
1001375,2275422,2355072,buy,1512300082
1001375,108408,2355072,buy,1512300307
1001375,4463332,2355072,buy,1512300598
1001326,3083565,154040,pv,1512300967
1001375,4404218,2355072,buy,1512301009
1002618,1432656,149192,pv,1512301324
1002618,2384108,982926,pv,1512301335
1001915,91877,2578647,cart,1512301507
1002618,4945426,2355072,pv,1512301551
1001915,3449001,2578647,pv,1512301790
100528,905677,1879194,pv,1512302265
1001915,3368542,2578647,pv,1512302393
1000335,3536239,982926,pv,1512302496
1001915,2580972,4181361,pv,1512302612
1001915,1447850,4181361,pv,1512302631
1001915,4585679,3002561,pv,1512303043
1002909,3362139,1108912,cart,1512303621
1001566,925671,1275696,pv,1512304163
1000335,3210567,4145813,pv,1512306035
1000335,3210567,4145813,buy,1512307673
1000335,2068780,1859277,buy,1512307953
1004096,2672445,3999977,pv,1512309065
1002307,190148,1008362,cart,1512309506
1002307,442940,1008362,pv,1512309742
1002307,4211339,4756105,pv,1512309778
100528,2618435,2939262,pv,1512309779
100528,4621425,245312,buy,1512310509
100528,2448944,1299190,buy,1512310509
100528,634999,245312,buy,1512310509
1002909,3527159,1108912,cart,1512312218
1003716,4247846,1646753,cart,1512312327
1002909,3362139,1108912,pv,1512312904
1001629,1685244,2440364,buy,1512313244
1003716,4247846,1646753,buy,1512313286
1002909,3527159,1108912,pv,1512314361
1001375,4648650,2355072,pv,1512314791
1001375,2180798,2355072,pv,1512315057
